Josh Allen,3918298
Devin Singletary,4040761
Zack Moss,4035676
James Cook,4379399
Stefon Diggs,2976212
Gabe Davis,4243537
Jamison Crowder,2576716
Isaiah McKenzie,3128724
Dawson Knox,3930086
Tremaine Edmunds,3929950
Taron Johnson,3121003
Matt Milano,3046287
Dane Jackson,3895791
Micah Hyde,15960
Von Miller,13976
Greg Rousseau,4362506
Jordan Phillips,2577466
Kaiir Elam,4567399
DaQuan Jones,16910
Christian Benford,4379778
Boogie Basham,4037239
Jordan Poyer,15979
Damar Hamlin,4036060
AJ Epenesa,4240585
Ed Oliver,4039303
Jaquan Johnson,3672862
Tim Settle,3929956
Taiwan Jones,14167
Siran Neal,3057524
Tyler Bass,3917232
Matthew Stafford,12483
Darrell Henderson Jr.,4039359
Brandon Powell,3115255
Cam Akers,4240021
Cooper Kupp,2977187
Tyler Higbee,2573401
Ben Skowronek,4035656
Allen Robinson II,16799
Tutu Atwell,4360797
Leonard Floyd,3043136
Justin Hollins,3122678
Troy Hill,2525933
Bobby Wagner,14979
Ernest Jones,4362851
Nick Scott,3116179
Jalen Ramsey,3045373
A'Shawn Robinson,3054857
Taylor Rapp,4039007
Terrell Lewis,4040968
David Long Jr.,4046536
Aaron Donald,16716
Jordan Fuller,4040613
Greg Gaines,3127294
Jake Hummel,4241250
Matt Gay,4249087
Riley Dixon,2577619
Jameis Winston,2969939
Taysom Hill,2468609
Alvin Kamara,3054850
Mark Ingram II,13981
Jarvis Landry,16790
Michael Thomas,2976316
Juwan Johnson,3929645
Chris Olave,4361370
Deonte Harty,4411193
Tyrann Mathieu,15851
Bradley Roby,16719
Pete Werner,4241993
Marcus Maye,2980110
Cameron Jordan,13971
Demario Davis,14958
Marshon Lattimore,3121421
Kaden Elliss,3124890
Kentavius Street,3116726
P.J. Williams,2977661
Shy Tuttle,3886601
J.T. Gray,3115481
Justin Evans,3895859
Carl Granderson,3918310
Marcus Davenport,3124058
Chase Hansen,2971641
Zack Baun,3917657
Cesar Ruiz,4258199
David Onyemata,4002046
Wil Lutz,2985659
Blake Gillikin,4045180
Marcus Mariota,2576980
Cordarrelle Patterson,15807
Avery Williams,4048259
Damien Williams,17359
Drake London,4426502
Olamide Zaccheaus,3917914
KhaDarel Hodge,3047876
Kyle Pitts,4360248
Anthony Firkser,3049698
Parker Hesse,3144991
Bryan Edwards,4038818
Rashaan Evans,3126349
Richie Grant,4042119
Jaylinn Hawkins,3858276
Mykal Walker,4243009
Grady Jarrett,2576492
A.J. Terrell,4239995
Casey Hayward,14966
Mike Ford,3050916
Adetokunbo Ogundeji,4046693
Dee Alford,4401823
Lorenzo Carter,3128715
Arnold Ebiketie,4257591
Dean Marlowe,2519038
Timmy Horne,4045701
Matt Dickerson,3134316
Quinton Bell,3933407
Anthony Rush,4239817
Ta'Quon Graham,4262197
Younghoe Koo,3049899
Bradley Pinion,2977680
Trey Lance,4383351
Deebo Samuel,3126486
Elijah Mitchell,4241555
Jeff Wilson Jr.,3122976
Brandon Aiyuk,4360438
Jauan Jennings,3886598
Ray-Ray McCloud III,3728262
Ross Dwelley,3120303
Tyler Kroft,2582410
Kyle Juszczyk,16002
Talanoa Hufanga,4360853
Fred Warner,3138826
Nick Bosa,4040605
Dre Greenlaw,3916903
Azeez Al-Shaair,3919117
Tashaun Gipson Sr.,15235
Hassan Ridgeway,2971725
Samson Ebukam,3045527
Arik Armstead,2971275
Emmanuel Moseley,3115337
Charvarius Ward,4037361
Drake Jackson,4569511
Tarvarius Moore,4039278
Ambry Thomas,4258209
Jordan Mason,4360569
Robbie Gould,9354
Mitch Wishnowsky,4035685
Justin Fields,4362887
Khalil Herbert,4035886
David Montgomery,4035538
Dante Pettis,3127306
Byron Pringle,4036416
Equanimeous St. Brown,3932442
Darnell Mooney,4040655
Ryan Griffin,15887
Cole Kmet,4258595
Jaquan Brisker,4570044
Roquan Smith,3915189
Dominique Robinson,4244300
Kyler Gordon,4361093
Nicholas Morrow,4232830
Kindle Vildor,4036651
Matthew Adams,3126179
Jaylon Johnson,4243253
Eddie Jackson,3054847
Trevis Gipson,3917016
Robert Quinn,13984
Justin Jones,3116746
Armon Watts,3128685
Mike Pennel Jr.,17230
Al-Quadin Muhammad,3051942
Jaylon Jones,4047655
Trestan Ebner,4259169
Cairo Santos,17427
Trenton Gill,4240128
Mitch Trubisky,3039707
Chase Claypool,4046692
Najee Harris,4241457
Jaylen Warren,4569987
Pat Freiermuth,4361411
Diontae Johnson,3932905
Zach Gentry,3929924
George Pickens,4426354
Miles Boykin,3932423
Cameron Heyward,13977
Minkah Fitzpatrick,3925345
Myles Jack,3047566
Alex Highsmith,4037333
Ahkello Witherspoon,3122630
T.J. Watt,3045282
Terrell Edmunds,3124067
Robert Spillane,3129446
Devin Bush,4036261
Larry Ogunjobi,3050122
Arthur Maulet,3916144
Cameron Sutton,3044724
Levi Wallace,3133440
Chris Wormley,2977615
Benny Snell Jr.,4035072
Jamir Jones,4046688
Montravius Adams,3051894
Tyson Alualu,13233
Malik Reed,3124634
Tre Norwood,4241396
Connor Heyward,4241961
DeMarvin Leal,4426359
Gunner Olszewski,4424106
Chris Boswell,17372
Pressley Harvin III,4240485
Joe Burrow,3915511
Joe Mixon,3116385
Samaje Perine,3116389
Ja'Marr Chase,4362628
Hayden Hurst,3924365
Tyler Boyd,3045144
Tee Higgins,4239993
Mike Thomas,3123986
Drew Sample,3127310
Logan Wilson,3918330
Germaine Pratt,3116724
Mike Hilton,2980383
Chidobe Awuzie,3052101
Trey Hendrickson,3052743
DJ Reader,2977670
BJ Hill,3116748
Sam Hubbard,3121416
Eli Apple,3040506
Stanley Morgan,3699902
Vonn Bell,3051388
Jessie Bates III,3919512
Josh Tupou,2979632
Ted Karras,2576188
Akeem Davis-Gaither,3917142
Markus Bailey,3917992
Tre Flowers,3046326
Trent Taylor,3040569
Evan McPherson,4360234
Kevin Huber,12669
Jalen Hurts,4040715
Miles Sanders,4045163
Kenneth Gainwell,4371733
Boston Scott,3051439
A.J. Brown,4047646
Dallas Goedert,3121023
Zach Pascal,2978109
Noah Togiai,3930298
DeVonta Smith,4241478
Marcus Epps,3139368
T.J. Edwards,3121544
Darius Slay,15863
C.J. Gardner-Johnson,4034953
Kyzir White,4039254
Josh Sweat,3693166
Avonte Maddox,3123938
Javon Hargrave,2983055
Zech McPhearson,4045161
Milton Williams,4239699
Fletcher Cox,14941
James Bradberry,2572841
Haason Reddick,2980504
Jordan Davis,4381558
Brandon Graham,13239
Kyron Johnson,4241302
Marlon Tuipulotu,4243218
Patrick Johnson,4243916
Quez Watkins,4050373
Britain Covey,3926231
Jake Elliott,3050478
Arryn Siposs,4371989
Jared Goff,3046779
D'Andre Swift,4259545
Jamaal Williams,2980453
Amon-Ra St. Brown,4374302
DJ Chark Jr.,3115394
T.J. Hockenson,4036133
Josh Reynolds,3115306
Kalif Raymond,2973405
Tracy Walker III,3042499
Jeff Okudah,4241984
Alex Anzalone,3043107
Charles Harris,3051852
DeShon Elliott,3929846
Malcolm Rodriguez,4241411
Amani Oruwariye,3116175
Isaiah Buggs,4241451
Derrick Barnes,4260409
Mike Hughes,3895841
Will Harris,3915297
Chris Board,3060403
Austin Bryant,3728253
JuJu Hughes,4040901
Josh Woods,3128303
Kerby Joseph,4360383
Alim McNeill,4361662
Aidan Hutchinson,4372099
John Cominsky,4411771
Austin Seibert,3821683
Jack Fox,3916370
Mac Jones,4241464
Damien Harris,3925347
Rhamondre Stevenson,4569173
Jakobi Meyers,3916433
Ty Montgomery II,2577134
Kendrick Bourne,3045523
Jonnu Smith,3054212
Nelson Agholor,2971618
Hunter Henry,3046439
DeVante Parker,2576623
Ja'Whaun Bentley,3116187
Devin McCourty,13236
Kyle Dugger,4401811
Raekwon McMillan,3121423
Matthew Judon,3961466
Jonathan Jones,2971027
Myles Bryant,4039010
Deatrich Wise Jr.,2980080
Adrian Phillips,17487
Mack Wilson Sr.,4040983
Jalen Mills,2976540
Davon Godchaux,3115383
Lawrence Guy Sr.,14185
Carl Davis Jr.,2511690
Jahlani Tavai,3124587
Isaiah Wynn,3128713
Josh Uche,4046528
Cody Davis,16286
DaMarcus Mitchell,4693173
Christian Barmore,4372030
Nick Folk,10621
Jake Bailey,3931395
Tua Tagovailoa,4241479
Chase Edmonds,3119195
Raheem Mostert,2576414
Cedrick Wilson Jr.,4036335
Jaylen Waddle,4372016
Tyreek Hill,3116406
Alec Ingold,3917668
Durham Smythe,3052897
Trent Sherfield,3122168
Mike Gesicki,3116164
Melvin Ingram,14926
Connor Williams,3821577
Jaelan Phillips,4242975
Brandon Jones,4039059
Elandon Roberts,2987743
Christian Wilkins,3728266
Jerome Baker,3915507
Raekwon Davis,4040965
Nik Needham,3124702
Emmanuel Ogbah,2977740
Duke Riley,3042725
Kader Kohou,4291489
Jevon Holland,4373809
Xavien Howard,2978935
Zach Sieler,3057956
Elijah Campbell,3932901
Keion Crossen,3117135
Justin Bethel,15089
John Jenkins,15846
Andrew Van Ginkel,3133487
Jason Sanders,3124679
Thomas Morstead,12701
Lamar Jackson,3916387
Kenyan Drake,2979843
Mike Davis,3025433
Justice Hill,4038441
Rashod Bateman,4360939
Devin Duvernay,4039050
Mark Andrews,3116365
Demarcus Robinson,3043116
Patrick Ricard,2975417
Tylan Wallace,4241424
Isaiah Likely,4361050
Marlon Humphrey,3126356
Marcus Williams,3122882
Patrick Queen,4242207
Chuck Clark,3045463
Malik Harrison,4040615
Justin Madubuike,4035245
Calais Campbell,11284
Justin Houston,14048
Kyle Fuller,16715
Kyle Hamilton,4575517
Michael Pierce,2972144
Odafe Oweh,4361422
Brandon Stephens,4035824
Jalyn Armour-Davis,4372017
Josh Bynes,14519
Steven Means,15936
Del'Shawn Phillips,4240528
Geno Stone,4240575
Josh Ross,4258198
Damarion Williams,4567480
Broderick Washington,3915837
Justin Tucker,15683
Jordan Stout,4260224
Joe Flacco,11252
Michael Carter,4240657
Breece Hall,4427366
Corey Davis,3042778
Garrett Wilson,4569618
Elijah Moore,4372414
Braxton Berrios,3123075
Tyler Conklin,3915486
Lawrence Cager,3917849
C.J. Mosley,16720
Quincy Williams,3110565
Jordan Whitehead,3895798
Michael Carter II,4240456
Kwon Alexander,2976541
Jake Martin,3138764
John Franklin-Myers,3120464
D.J. Reed,3139387
Sauce Gardner,4427250
Carl Lawson,3051911
Jermaine Johnson,4567962
Micheal Clemons,4240896
Lamarcus Joyner,16769
Justin Hardee,2970625
Thomas Hennessy,2983155
Sheldon Rankins,2970204
Solomon Thomas,3117258
Quinnen Williams,4040982
Greg Zuerlein,14993
Braden Mann,4035239
Trevor Lawrence,4360310
James Robinson,4052042
Travis Etienne Jr.,4239996
Jamal Agnew,3061612
Christian Kirk,3895856
Zay Jones,3059722
Marvin Jones Jr.,15072
Evan Engram,3051876
Foyesade Oluokun,3050073
Devin Lloyd,4243256
Andre Cisco,4361939
Travon Walker,4426349
Shaquill Griffin,3054026
Josh Allen,3915239
Folorunso Fatukasi,3045172
Darious Williams,4239833
Tyson Campbell,4379397
Roy Robertson-Harris,2574891
Caleb Johnson,4051069
K'Lavon Chaisson,4242205
Rayshawn Jenkins,2969961
DaVon Hamilton,3915520
Adam Gotsis,2971498
Dawuane Smoot,3042476
Andrew Wingard,3918331
Chad Muma,4361707
Riley Patterson,4243371
Logan Cooke,3115480
Carson Wentz,2573079
Antonio Gibson,4360294
Curtis Samuel,3121427
J.D. McKissic,2572861
Jahan Dotson,4361409
Terry McLaurin,3121422
Logan Thomas,16813
Armani Rogers,4056052
Cam Sims,3115314
John Bates,4048228
Dax Milne,4373642
William Jackson III,3061106
Darrick Forrest,4239088
Cole Holcomb,3116689
Benjamin St-Juste,4258206
Kendall Fuller,3045465
Jonathan Allen,3054840
Bobby McCain,2575606
Montez Sweat,3134690
Jamin Davis,4240778
Daron Payne,3925354
James Smith-Williams,3686690
Jeremy Reaves,3125248
Jonathan Williams,2980077
Efe Obada,3734467
Casey Toohill,3931408
Percy Butler,4363097
Joey Slye,3124084
Tress Way,16166
Jacoby Brissett,2578570
Nick Chubb,3128720
Kareem Hunt,3059915
Anthony Schwartz,4371986
Donovan Peoples-Jones,4258195
Harrison Bryant,4040774
Amari Cooper,2976499
David Njoku,3123076
Demetric Felton Jr.,4035826
Herb Miller,3919107
John Johnson III,3046292
Martin Emerson Jr.,4429568
Jeremiah Owusu-Koramoah,4258599
Myles Garrett,3122132
Anthony Walker Jr.,3045251
Grant Delpit,4242208
Jacob Phillips,4242206
Jadeveon Clowney,16734
Sione Takitaki,3138834
Alex Wright,4570119
Ronnie Harrison Jr.,3859006
Greg Newsome II,4361266
Taven Bryan,3115249
Jerome Ford,4372019
D'Anthony Bell,4608386
Denzel Ward,3915535
Jordan Elliott,4039052
Tommy Togiai,4361366
Perrion Winfrey,4686470
Cade York,4428963
Corey Bojorquez,4039396
Baker Mayfield,3052587
Christian McCaffrey,3117251
DJ Moore,3915416
D'Onta Foreman,3125116
Chuba Hubbard,4241416
Robbie Chosen,2574808
Ian Thomas,4045305
Shi Smith,4259499
Tommy Tremble,4372780
Pat Elflein,2976295
Xavier Woods,3040572
Brian Burns,4035631
Jeremy Chinn,4043169
Frankie Luvu,3127273
Shaq Thompson,2978313
Jaycee Horn,4362847
Derrick Brown,4035495
Donte Jackson,3843769
Damien Wilson,3040207
Matt Ioannidis,2976263
CJ Henderson,4240596
Marquis Haynes Sr.,3115456
Henry Anderson,2517752
Sam Franklin Jr.,4044133
Cory Littleton,2978304
Yetur Gross-Matos,4259594
Phil Hoskins,4259989
Sean Chandler,3138733
Giovanni Ricci,3916749
Myles Hartsfield,4035290
Bravvion Roy,4035407
Stantley Thomas-Oliver III,4046353
Andre Roberts,13226
Eddy Pineiro,4034949
Johnny Hekker,15153
Matt Ryan,11237
Jonathan Taylor,4242335
Nyheim Hines,3916430
Michael Pittman Jr.,4035687
Ashton Dulin,4061956
Parris Campbell,3121410
Mike Strachan,4589245
Mo Alie-Cox,2998565
Kylen Granson,4039160
Alec Pierce,4360078
DeForest Buckner,2971282
Braden Smith,3121595
Isaiah Rodgers Sr.,4044540
Zaire Franklin,3124005
Kwity Paye,4258194
Bobby Okereke,3117253
Kenny Moore II,4218312
E.J. Speed,3071353
Grover Stewart,4058825
Nick Cross,4426403
Stephon Gilmore,14942
Brandon Facyson,3045458
Yannick Ngakoue,3053044
Tyquan Lewis,3040513
Julian Blackmon,4035661
Ifeadi Odenigbo,2974353
Rodrigo Blankenship,3915165
Matt Haack,3043237
Davis Mills,4242546
Rex Burkhead,15971
Dameon Pierce,4360238
Jeff Driskel,2574630
Brandin Cooks,16731
O.J. Howard,3043080
Chris Moore,2576581
Nico Collins,4258173
Pharaoh Brown,2971281
Troy Hairston,4274040
Brevin Jordan,4362504
Chris Conley,2578533
Phillip Dorsett,2579604
Christian Kirksey,16767
Kamu Grugier-Hill,3050851
Jonathan Owens,4331768
Jalen Pitre,4241223
Derek Stingley Jr.,4426434
Desmond King II,3040145
Steven Nelson,3045287
Maliek Collins,3040471
Jonathan Greenard,3916409
Jerry Hughes,13245
Roy Lopez,4040805
M.J. Stewart,3116679
Tremon Smith,3134448
Blake Cashman,3728281
Demone Harris,3052926
Ogbo Okoronkwo,3052667
Neville Hewitt,3059880
Michael Dwumfour,4046544
Kevin Pierre-Louis,16888
Kurt Hinish,4258594
Ka'imi Fairbairn,2971573
Cameron Johnston,3051397
Daniel Jones,3917792
Saquon Barkley,3929630
Matt Breida,3049916
Kadarius Toney,4240600
Richie James,3122899
Sterling Shepard,2976592
Kenny Golladay,2974858
Wan'Dale Robinson,4569587
Chris Myarick,3138744
Jason Pinnock,4240706
Tae Crowder,3915171
Jihad Ward,3115914
Darnay Holmes,4242973
Adoree' Jackson,3120347
Oshane Ximines,3123233
Leonard Williams,2971622
Aaron Robinson,4040979
Julian Love,4046675
Xavier McKinney,4241470
Austin Calitro,2982304
Nick McCloud,4036169
D.J. Davidson,4242899
Tomon Fox,4037520
Justin Ellis,16857
Dexter Lawrence II,4035483
Andrew Thomas,4259566
Quincy Roche,4044145
Cam Brown,4045165
Gary Brightwell,4245645
Graham Gano,12460
Jamie Gillan,3936185
Ryan Tannehill,14876
Derrick Henry,3043078
Dontrell Hilliard,3126246
Chigoziem Okonkwo,4360635
Kyle Philips,4367175
Treylon Burks,4567156
Cody Hollister,3115443
Geoff Swaim,3046704
Robert Woods,15880
Nick Westbrook-Ikhine,3929785
Austin Hooper,3043275
Bud Dupree,2576702
Kevin Byard,2574056
David Long Jr.,3916074
Zach Cunningham,3051750
Kristian Fulton,4035433
Jeffery Simmons,4035369
Ugo Amadi,3886834
Rashad Weaver,4036076
Amani Hooker,4036134
Denico Autry,17447
Kevin Strong,3124052
Tre Avery,4259300
Roger McCreary,4371973
Teair Tart,4374269
Trenton Cannon,4261020
Dylan Cole,2986109
DeMarcus Walker,3045377
Joshua Kalu,3116105
Caleb Farley,4240859
Joe Jones,2974344
Randy Bullock,15091
Ryan Stonehouse,4256051
Aaron Rodgers,8439
Jordan Love,4036378
Aaron Jones,3042519
AJ Dillon,4239934
Romeo Doubs,4361432
Christian Watson,4248528
Robert Tonyan,2975674
Josiah Deguara,3914151
Sammy Watkins,16725
Juwann Winfree,3128317
Randall Cobb,14053
Tyler Davis,3914240
De'Vondre Campbell,3040180
Quay Walker,4379416
Rashan Gary,4046523
Jaire Alexander,3895429
Eric Stokes,4259561
Rasul Douglas,3943270
Jarran Reed,3115312
Kenny Clark,3122752
Preston Smith,2577446
Adrian Amos,2582132
Dean Lowry,2974348
Darnell Savage,3915419
Kingsley Enagbare,4362840
Tipa Galeai,3676832
Royce Newman,4047660
Isaiah McDuffie,4239947
Keisean Nixon,4259493
T.J. Slaton,4240612
Devonte Wyatt,4361791
Amari Rodgers,4239992
Mason Crosby,10636
Pat O'Donnell,16863
Kirk Cousins,14880
Dalvin Cook,3116593
Alexander Mattison,4048244
Justin Jefferson,4262921
Adam Thielen,16460
Johnny Mundt,3052096
K.J. Osborn,3916566
C.J. Ham,4012556
Ben Ellefson,3930900
Irv Smith Jr.,4040980
Dalvin Tomlinson,2979860
Jordan Hicks,2514270
Harrison Smith,14945
Camryn Bynum,4035861
Patrick Peterson,13980
Cameron Dantzler Sr.,4035385
Chandon Sullivan,3124849
Eric Kendricks,2510863
Danielle Hunter,2976560
Harrison Phillips,3117255
Za'Darius Smith,3043168
D.J. Wonnum,4038849
Josh Metellus,4046537
Akayleb Evans,4244607
Jonathan Bullard,2980097
Myles Dorn,4037511
James Lynch,4259181
Kene Nwangwu,4035537
Jalen Reagor,4241802
Greg Joseph,3975763
Ryan Wright,4361823
Patrick Mahomes,3139477
Isiah Pacheco,4361529
Clyde Edwards-Helaire,4242214
Jerick McKinnon,16782
Marquez Valdes-Scantling,3051738
Travis Kelce,15847
JuJu Smith-Schuster,3120348
Skyy Moore,4430191
Mecole Hardman,4035004
Noah Gray,4240472
Jody Fortson,4408854
Justin Watson,3118892
Chad Henne,11291
Nick Bolton,4362759
L'Jarius Sneed,4040432
Rashad Fenton,3924364
Willie Gay,4259804
Carlos Dunlap,13274
Justin Reid,3931399
Deon Bush,2969944
Khalen Saunders,3121634
Mike Danna,3915487
Jaylen Watson,4697639
Tershawn Wharton,4058925
Michael Burton,2515270
Frank Clark,2576242
Chris Jones,3044859
Darius Harris,3122906
Chris Lammons,3128630
Juan Thornhill,3917909
Bryan Cook,4247726
Trent McDuffie,4426405
George Karlaftis,4426659
Joshua Williams,4917635
Elijah Lee,3125073
Harrison Butker,3055899
Tommy Townsend,3915398
Kyler Murray,3917315
Trace McSorley,3116172
Eno Benjamin,4242873
James Conner,3045147
Greg Dortch,4037235
Marquise Brown,4241372
Zach Ertz,15835
A.J. Green,13983
Andy Isabella,3914328
Rodney Hudson,14013
Sean Harlow,3045286
Byron Murphy Jr.,4038999
Budda Baker,3127287
Jalen Thompson,4043089
Zaven Collins,4244606
Marco Wilson,4240595
Michael Dogbe,3138765
Dennis Gardeck,4334300
Ezekiel Turner,3894901
Nick Vigil,2971816
Isaiah Simmons,4035462
Stephen Anderson,2576854
Rashard Lawrence,4035452
Leki Fotu,4035666
Victor Dimukeje,4240464
Zach Allen,3915282
Devon Kennard,16820
Markus Golden,2971432
Jonathan Ward,4039274
Cameron Thomas,4361510
Christian Matthew,4911023
Matt Prater,11122
Andy Lee,5713
Derek Carr,16757
Davante Adams,16800
Josh Jacobs,4047365
Brandon Bolden,15478
Darren Waller,2576925
Hunter Renfrow,3135321
Mack Hollins,2991662
Jakob Johnson,3115349
Ameer Abdullah,2576336
Kolton Miller,3134312
John Simpson,4035479
Johnathan Abram,3728305
Maxx Crosby,3916655
Nate Hobbs,4240542
Divine Deablo,4037626
Rock Ya-Sin,3910229
Jayon Brown,3047559
Bilal Nichols,3117922
Duron Harmon,15842
Denzel Perryman,2579621
Andrew Billings,3051775
Roderic Teamer,3917058
Chandler Jones,14927
Tre'von Moehrig,4362487
Johnathan Hankins,15841
Kendal Vickers,3044732
Clelin Ferrell,3728258
Daniel Carlson,3051909
AJ Cole,3686689
Justin Herbert,4038941
Austin Ekeler,3068267
Joshua Kelley,3910544
Sony Michel,3128721
Joshua Palmer,4242433
Zander Horvath,4260406
Keenan Allen,15818
DeAndre Carter,2580216
Gerald Everett,3918639
Tre' McKitty,4240023
Mike Williams,3045138
Richard Rodgers,16786
Jalen Guyton,3932430
Derwin James Jr.,3691739
Khalil Mack,16710
Drue Tranquill,3129310
Kenneth Murray Jr.,4241394
Bryce Callahan,2515641
Nasir Adderley,3912028
Asante Samuel Jr.,4363034
Michael Davis,3053795
Joey Bosa,3051389
Kyle Van Noy,16772
Morgan Fox,3059620
Austin Johnson,2979591
Alohi Gilman,4039413
Ja'Sir Taylor,4240434
Otito Ogbonnia,4367210
Dustin Hopkins,15965
JK Scott,3126368
Tom Brady,2330
Leonard Fournette,3115364
Julio Jones,13982
Rachaad White,4697815
Jaelon Darden,4243830
Breshad Perriman,2972460
Mike Evans,16737
Chris Godwin,3116165
Russell Gage,3115378
Cameron Brate,17453
Devin White,4035434
Antoine Winfield Jr.,4034790
Lavonte David,14985
Mike Edwards,3155647
Carlton Davis III,3916923
Logan Ryan,15861
Jamel Dean,3873935
Cade Otton,4243331
Shaquil Barrett,16967
K.J. Britt,4242521
Anthony Nelson,3894856
Akiem Hicks,14984
Vita Vea,3134362
Keanu Neal,3054962
Joe Tryon-Shoyinka,4243333
Logan Hall,4360189
William Gholston,16019
Rakeem Nunez-Roches,2575453
Ryan Succop,12731
Jake Camarda,4379396
Dak Prescott,2577417
Cooper Rush,2972515
Ezekiel Elliott,3051392
Tony Pollard,3916148
Noah Brown,3121409
Dalton Schultz,3117256
CeeDee Lamb,4241389
Dennis Houston,4572786
Simi Fehoko,4360739
Leighton Vander Esch,3138677
Anthony Brown,2977756
Jayron Kearse,3045130
Micah Parsons,4361423
Jourdan Lewis,3045207
Donovan Wilson,3122135
Osa Odighizuwa,4035840
Dorance Armstrong,3928979
DeMarcus Lawrence,16802
Trevon Diggs,4040966
Malik Hooker,3121415
Anthony Barr,16711
Trysten Hill,4042141
Quinton Bohanna,4259978
C.J. Goodwin,17474
Luke Gifford,3116097
Tyler Biadasz,4035788
Neville Gallimore,3892883
KaVontae Turpin,3676833
Brett Maher,16486
Bryan Anger,14950
Russell Wilson,14881
Melvin Gordon III,2576434
Javonte Williams,4361579
Jerry Jeudy,4241463
Courtland Sutton,3128429
Andrew Beck,3125107
Albert Okwuegbunam,4035115
Mike Boone,3139033
Eric Tomlinson,2511973
Eric Saubert,2975863
KJ Hamler,4240380
Justin Simmons,2969860
Alex Singleton,2612151
Ronald Darby,2969920
Bradley Chubb,3116733
D.J. Jones,3894915
Pat Surtain II,4372012
Jonas Griffith,3908558
Kareem Jackson,13254
DeShawn Williams,2576508
K'Waun Williams,17444
Caden Sterns,4362077
Aaron Patrick,3908943
Dre'Mont Jones,3915525
Jonathon Cooper,4040608
Baron Browning,4241987
Mike Purcell,16377
Randy Gregory,3040479
Tyrie Cleveland,4034964
Montrell Washington,4248822
Brandon McManus,16339
Corliss Waitman,3125280
Geno Smith,15864
Rashaad Penny,3139925
Travis Homer,4037457
Colby Parkinson,4242557
Will Dissly,3127292
DK Metcalf,4047650
Tyler Lockett,2577327
Marquise Goodwin,15839
Noah Fant,4036131
Dee Eskridge,4043016
Austin Blythe,2582448
Michael Jackson,3917853
Charles Cross,4426376
Jordyn Brooks,4043130
Cody Barton,3926229
Josh Jones,3051716
Uchenna Nwosu,3120358
Quandre Diggs,2577553
Justin Coleman,2577707
Jamal Adams,3115373
Shelby Harris,16837
Tanner Muse,3728263
Quinton Jefferson,2577078
Al Woods,13493
Bryan Mone,3115979
Poona Ford,3125114
Sidney Jones IV,3127299
DeeJay Dallas,4240631
Riq Woolen,4245185
Darrell Taylor,3915396
Jason Myers,2473037
Michael Dickson,3929851
J.C. Jackson,3121649
Sebastian Joseph-Day,3047495
Jerry Tillery,3863182
Chris Rumph II,4240475
Josh Harris,15151
Derrick Nnadi,3122930
Leo Chenal,4426901
Dicaprio Bootle,4034835
Matt Ammendola,3919602
Jeff Smith,3929118
Ty Johnson,3915411
Jeremy Ruckert,4361372
Max Mitchell,4373656
Ashtyn Davis,3858271
Kenny Yeboah,4044144
Nathan Shepherd,4076951
Tony Adams,4240532
Brandin Echols,4567979
David Bell,4570409
Chase Winovich,3115974
Jordan Kunaszyk,4035866
A.J. Green III,4038437
Donovan Jeter,4258183
Daniel Wise,3133368
Craig Reynolds,4421446
Brock Wright,4242392
Quintez Cephus,4035793
Julian Okwara,4046690
Michael Brockers,14944
Bobby Price,4030779
Benito Jones,4035299
Anthony Pittman,4423367
Justin Jackson,3116136
Scott Miller,3914397
Carl Nassib,2614825
Patrick O'Connor,2980206
Dee Delaney,3049726
Sean Murphy-Bunting,3932886
Giovani Bernard,15826
Dwayne Washington,3002265
Tony Jones Jr.,4046676
Adam Prentice,3929914
James Hurst,17178
Tanoh Kpassagnon,2982313
Christian Ringo,2574023
Alontae Taylor,4369835
Stephen Sullivan,4035426
Marquan McCall,4362615
Taylor Moton,2973051
David Sills V,3871102
Tanner Hudson,3050481
Daniel Bellinger,4361516
Dane Belton,4426686
Nick Williams,2317118
Fabian Moreau,2971586
Tony Jefferson,16195
Carter Coughlin,4034766
Micah McFadden,4371961
Cor'Dale Flott,4429607
Lil'Jordan Humphrey,4039057
Brenden Schooler,4047941
Jabrill Peppers,3115962
Anfernee Jennings,3925350
Jack Jones,4035686
Pierre Strong Jr.,4249836
Derek Watt,2576450
Marcus Allen,3116149
James Pierre,4259252
Deon Jackson,4240455
Dezmon Patmon,4054085
Keke Coutee,3915823
Rodney McLeod,15222
Tony Brown,3115308
Byron Cowart,3916922
Grant Stuard,4240255
Dan Arnold,4212989
Shaquille Quarterman,4037468
Arden Key,3843843
River Cracraft,3052056
Eric Rowe,2576002
Sam Eguavoen,2577637
Trey Flowers,2574519
Marcus Peters,2578378
Raleigh Webb,4032247
Tyler Allgeier,4373626
Caleb Huntley,4244732
Drew Dalman,4242553
Darren Hall,4261606
Erik Harris,4010714
Abdullah Anderson,3119119
DeAngelo Malone,4243457
Troy Andersen,4247807
Chris Lindstrom,3672833
Cobie Durant,4384549
Marquise Copeland,3914150
Rob Havenstein,2515613
Coleman Shelton,3052180
Christian Rozeboom,3909013
Kenneth Walker III,4567048
Xavier Crawford,3860287
Coby Bryant,4239094
Boye Mafe,4240754
Nick Bellore,14471
Darryl Johnson,3957672
Jimmy Garoppolo,16760
Tyrion Davis-Price,4426475
Danny Gray,4689546
Jake Brendel,2577185
Kevin Givens,3929641
Samuel Womack III,4280416
George Odum,3050199
Javon Kinlaw,4259491
Oren Burks,3051746
Charles Omenihu,3929865
Deommodore Lenoir,4242488
Mitchell Wilcox,3923392
Cam Sample,4243923
Joseph Ossai,4362094
Dante Fowler Jr.,2980100
Matt Farniok,4034843
Rico Dowdle,4038815
Sam Williams,4567242
Israel Mukuamu,4362855
A.J. Cann,2516325
Rasheem Green,3912562
Jon Weeks,13729
Dare Ogunbowale,2983509
Thomas Booker IV,4360749
Eric Murray,2970716
Kendall Hinton,3700815
Damarri Mathis,4240707
Matt Henningsen,4242358
Delarrin Turner-Yell,4360287
P.J. Locke,3929850
Darrel Williams,3115375
Andre Baccellia,3886809
Jace Whittaker,3821572
J.J. Watt,13979
Tanner Vallejo,3042895
Ben Niemann,3140643
Zamir White,4361777
Foster Moreau,3843945
Amik Robertson,4239694
Sam Webb,4700660
Matthias Farley,2579840
Trent Sieg,3052357
Angelo Blackson,2574582
Kingsley Jonathan,4240405
Patrick Scales,14572
Josh Blackwell,4240459
DeAndre Houston-Carson,2566034
Ihmir Smith-Marsette,4240573
Allen Lazard,3128390
Josh Myers,4242000
Dallin Leavitt,3053801
Malik Willis,4242512
Hassan Haskins,4372071
Josh Gordon,15705
Naquan Jones,4046716
Chris Jackson,4043605
Lonnie Johnson Jr.,4240780
Ola Adeniyi,3126081
Case Keenum,15168
Jake Kumerow,3085107
Reggie Gilliam,4039505
Quintin Morris,4244049
Khalil Shakir,4373678
Tyrel Dodson,4035232
Terrel Bernard,4259166
C.J. Brewer,4052017
Shaq Lawson,2977679
Brandin Bryant,2982857
Sam Martin,15928
Ed Ingram,4242227
Pat Jones II,4036063
Troy Dye,4038946
Garrett Bradbury,3116729
Ross Blacklock,4038557
Jordan Mailata,4334215
K'Von Wallace,4035463
Miles Killebrew,2575164
Miller Forristall,4040714
Isaac Rochell,3052894
Tony Fields II,4245655
Chester Rogers,2983209
Jordan Akins,3128452
Tytus Howard,3131498
Grayland Arnold,4035389
Garret Wallow,4241807
Jake Tonges,4259147
Joe Thomas,17266
Khari Blasingame,3122154
Keelan Cole Sr.,3071572
Jesper Horsted,3940587
Luke Masterson,4037212
Malcolm Koonce,4239719
Matthew Butler,4242457
Terrance Mitchell,16927
Derrek Tuszka,3930915
Wyatt Ray,3915285
Malik Herring,4259547
Jelani Woods,4241410
Dayo Odeyingbo,4242659
Rodney Thomas II,4248455
Danny Pinter,3915470
Luke Rhodes,2566045
Ben Banogu,3124970
Chase McLaughlin,3150744
Spencer Brown,4030899
Ja'Marcus Ingram,4240059
Cam Lewis,3916577
Baylon Spector,4239997
Tyler Matakevich,2976249
Teddy Bridgewater,16728
Kris Boyd,3929845
Brian Asamoah II,4360255
J.K. Dobbins,4241985
Josh Oliver,3921690
Brandon Copeland,16393
Nick Moore,3915184
Ben Powers,4037650
Travis Jones,4362139
Daniel Ekuale,3052059
Marcus Jones,4241720
Chris Evans,4046530
Zach Carter,4240619
Michael Thomas,15231
Clay Johnston,3928928
C.J. Uzomah,2574576
Alijah Vera-Tucker,4259646
Marcell Harris,3043110
George Fant,2583951
Grant Calcaterra,4241374
Jack Stoll,4034862
Shaun Bradley,4038902
Kamren Curl,4242154
Shaka Toney,4045169
David Mayo,2972400
Rachad Wildgoose,4372560
Will Bradley-King,4036476
Christian Holmes,4035105
Milo Eifler,4371940
Jon Bostic,15827
Benning Potoa'e,3886826
Dyami Brown,4361577
Tre'Quan Smith,3128451
Adam Trautman,3911853
Nick Vannett,2576399
Marquez Callaway,4035170
Daniel Sorensen,17259
Erik McCoy,3917331
Payton Turner,4240269
Paulson Adebo,4242547
Zach Wood,2575788
Laviska Shenault Jr.,4243160
Keith Taylor Jr.,4243332
Daviyon Nixon,4360484
C.J. Beathard,2979520
JaMycal Hasty,3928925
Tre Herndon,3122160
Daniel Thomas,4035505
Tim Jones,4245131
Kendall Blanton,3122103
Derion Kendrick,4360307
Grant Haley,3116166
Terrell Burgess,4035663
Jacob Harris,3932144
Robert Rochell,4032200
Jake Gervase,3144988
Aaron Brewer,15241
Trayvon Mullen,4035458
Deionte Thompson,3859100
Kaleb McGary,3127304
Nate Landman,4243181
Penny Hart,3917546
Isaiah Dunn,4255989
Rudy Ford,3051901
Kyle Rudolph,14054
Cole Beasley,15349
Deadrin Senat,3051376
Ko Kieft,4034779
George Kittle,3040151
Demetrius Flannigan-Fowles,3931424
Kerry Hyder Jr.,17068
Akeem Spence,15958
Josey Jewell,3040150
Justin Strnad,3919548
Nik Bonitto,4360259
Peyton Hendershot,4258248
Jake Ferguson,4242355
Jalen Tolbert,4249417
Chauncey Golston,4036132
Markquese Bell,4241921
Kelvin Joseph,4362629
Henry Mondeaux,3122690
Kayvon Thibodeaux,4426326
Azeez Ojulari,4379409
Devin Asiasi,4046522
Jalen Nailor,4382466
Andy Dalton,14012
Latavius Murray,15920
D'Ernest Johnson,3139602
Jedrick Wills Jr.,4241482
Isaiah Thomas,4241404
Keith Smith,17315
Damiere Byrd,2577667
John Ridgeway,4248047
Michael Gallup,4036348
DaRon Bland,4248911
Ryan Neal,3121344
Teez Tabor,3115257
Tom Kennedy,3126997
Scott Daly,2980138
Maurice Alexander,3914307
Dominik Eberle,3932960
Joe Schobert,2977819
Andrew Adams,2576599
Mario Edwards Jr.,2969921
Matt Pryor,3055886
JoJo Domann,4034841
Shaquille Leonard,3056362
Trevon Wesco,4039253
Velus Jones Jr.,4035693
Teven Jenkins,4038457
Lucas Patrick,2576736
Jack Sanborn,4372576
Sterling Weatherford,4244299
Michael Badgley,3123052
Tyrod Taylor,14163
Darius Slayton,3916945
Jaylon Smith,3052896
 Team,-8820
Chris Manhertz,2531358
Jawaan Taylor,4034961
Ty Summers,3116431
Chris Claybrooks,4371737
Trey Sermon,4241401
Josiah Scott,4241977
 Team,-8823
Andre Chachere,3125287
Nakobe Dean,4426340
Zach Wilson,4361259
Connor McGovern,2577367
Jamien Sherwood,4361331
Kenny Pickett,4240703
Prince Emili,4034335
Mitch Morse,2514122
Jason Pierre-Paul,13256
Michael Bandy,4034704
Christian Covington,2580666
Nick Niemann,4036141
Mason Schreck,2972331
Jalen Reeves-Maybin,3044729
Rondale Moore,4372485
Trey McBride,4361307
JJ Jansen,11759
Marquise Blair,4243244
Bailey Zappe,4250360
Brian Hoyer,12477
Matthew Slater,11387
Elgton Jenkins,3115485
Patrick Taylor,4039358
Shemar Jean-Charles,4036430
Jonathan Garvin,4240655
Darien Butler,4360466
Tyron Johnson,3894912
Jack Cochrane,4249766
Matthew Wright,3128444
Olakunle Fatukasi,4259299
Luke Goedeke,4380507
Zach Triner,3065813
Jake Funk,4036224
Charlie Woerner,4035020
Marlon Mack,3139605
Malik Turner,3115928
Phillip Lindsay,3052117
Quenton Nelson,3129308
Dallis Flowers,4917592
Chris Williams,4034530
Devine Ozigbo,3699935
Eyioma Uwazurike,4066109
Jacob Bobenmoyer,3925443
Essang Bassey,4037216
Marcus Johnson,2971718
Justin Layne,4046719
Marcedes Lewis,9614
Jon Runyan,3929936
Josh Jackson,3144984
Steven Sims,3917960
Isaiah Hodgins,4242540
Tanner Gentry,3043841
Joe Giles-Harris,3917797
Donald Parham Jr.,3912092
Deane Leonard,4690171
Taylor Bertolet,2578718
Dakota Allen,3139453
Elijah Hicks,4242402
Dan Chisena,3929637
Ty Chandler,4242431
AJ Parker,4046592
Chase Lucas,4047846
Ifeatu Melifonwu,4240401
Saivion Smith,4035425
Tyquan Thornton,4362921
Sam Roberts,4077786
Joey Blount,4240824
Cullen Gillaspia,3122143
Myles Adams,4039164
Keith Kirkwood,3046401
Malcolm Roach,4039064
Andrew Dowell,3929818
Skylar Thompson,4036419
Myles Gaskin,3886818
Tanner Conner,4047422
Greg Little,4047661
Noah Igbinoghene,4242516
Channing Tindall,4379414
Will Parks,2971248
Bryce Huff,4039375
Feleipe Franks,4034948
Zyon McCollum,4250392
Kenny Young,3134310
Kevin Rader,3049290
Sam Okuayinonu,4569497
Brian Robinson Jr.,4241474
Cole Turner,4361438
Mario Addison,14320
Jake Hansen,4033812
Corey Peters,13292
Tevin Coleman,2979477
Brock Purdy,4361741
Spencer Burford,4362999
PJ Walker,3051308
Terrace Marshall Jr.,4362630
Juston Burris,2577740
Brandon Smith,4575416
Raheem Blackshear,4259308
Tyler Smith,4568652
Matt Orzech,4422336
Takkarist McKinley,3152371
Reed Blankenship,4243956
Cameron Dicker,4362081
Jonathan Ledbetter,3728308
Antonio Hamilton Sr.,3056354
Dax Hill,4426422
James Proche II,3916204
Tyler Linderbaum,4360499
Brent Urban,16831
Kevon Seymour,2971603
Kristian Welch,4036153
Daryl Worley,3042436
Blake Martinez,2978273
Curtis Bolton,3116367
Neil Farrell,4242234
Khaleke Hudson,4046525
Daniel Brunskill,2976117
Kemoko Turay,3047512
MyCole Pruitt,2508256
Isaiah Oliver,3915437
Nick Kwiatkoski,2581818
Kevin Harris,4570674
 Team,-8818
Shaun Wade,4241995
Michael Woods II,4360174
Jack Conklin,2979534
Greedy Williams,4035437
Vinny Curry,14959
Jack Coco,4240499
Luke Farrell,4040612
Ross Matiscik,3928931
Ryan Kelly,2578475
Luiji Vilain,4258210
Clayton Fejedelem,3042455
Brandon Shell,2577690
Hunter Long,4239944
Jay Tufele,4259647
Rashid Shaheed,4032473
Kevin White,3042435
Chris Harris Jr.,14398
Bryce Thompson,4369838
Jeremiah Attaochu,16761
Kevin Zeitler,14931
A.J. Klein,15964
Evan Neal,4567134
Genard Avery,3126204
Mason Cole,3115972
Isaiahh Loudermilk,4035798
Elijah Riley,4036924
Jacob Eason,4035003
Tae Hayes,3917147
Arron Mosby,4242996
Malcolm Brown,2570986
Ronnie Rivers,4243003
Russ Yeast,4240071
Jonah Williams,4032481
Michael Hoecht,4033234
Keaontay Ingram,4362087
Kelvin Beachum,15035
Chris Banjo,15782
Myjai Sanders,4360080
Christian Jones,17070
Tommy Sweeney,3122818
Cole Christiansen,4036959
Sean McKeon,4036275
Greg Dulcich,4367209
Mitchell Fraboni,3139166
Troy Reeder,3116177
DeAndre Hopkins,15795
Jesse Luketa,4361419
Cornell Armstrong,3123963
Cam Taylor-Britt,4361196
Josh Paschal,4259994
Penei Sewell,4373825
Carlos Watkins,2977681
Mason Kinsey,4057082
Josh Thompson,4259346
Monty Rice,4240692
Samori Toure,4027873
Zach Tom,4240435
Taylor Heinicke,2565969
Robert Hainsey,4242391
Landon Collins,2979841
Ryder Anderson,4242430
De'Shaan Dixon,4247944
Ethan Pocic,3042738
Deion Jones,2976545
Gus Edwards,3051926
Denzel Mims,4035403
Brett Rypien,3722362
Cam Fleming,16932
Christian Harris,4567099
DJ Turner,4036211
Bruce Irvin,14946
Isaiah Spiller,4426891
Jason Moore,4069806
Amen Ogbongbemiga,4038432
Marcus Kemp,3046399
Jimmie Ward,16717
Ryan Anderson,2976495
Ben Stille,4034861
Verone McKinley III,4360692
N'Keal Harry,4047839
Dane Cruikshank,3931422
Cole Strange,4051001
Darius Phillips,3042785
Jonathan Kongbo,4035166
Tyler Shatley,17037
Spencer Brown,4239768
Amare Barno,4568439
Jalen Dalton,3895834
Liam McCullough,3915528
Trevor Siemian,2511109
Malik Davis,4240603
Damone Clark,4362636
Matt Overton,13186
Salvon Ahmed,4243315
Braylon Sanders,4259908
C.J. Moore,3128745
James Mitchell,4361988
Antwaun Woods,2577278
Theo Jackson,4242436
Khyiris Tonga,4256074
Jarrett Stidham,3892775
Anthony Averett,3054841
Joshuah Bledsoe,4241199
Carlos Davis,3699462
Nick Sciba,4362020
Gardner Minshew,4038524
Larrell Murchison,4240123
Jaleel Johnson,2979523
Andrew Norwell,17388
Sam Ehlinger,4241820
Elerson Smith,4030924
Dareke Young,4401805
L.J. Collier,3116449
Eric Wilson,3056916
Trenton Irwin,3931391
Domenique Davis,4590720
Jason Kelce,14124
Marvin Wilson,4240029
Jalen Camp,4037311
Teagan Quitoriano,4374045
Tavierre Thomas,4334405
Matt Feiler,17404
Corey Linsley,16864
Chandler Wooten,4242515
Brandon Allen,2574511
Jalen Davis,3125356
Joe Bachie,4036507
Kylin Hill,4259805
David Bakhtiari,15963
Krys Barnes,4035817
Shane Zylstra,4608362
Jerry Jacobs,4373578
Dan Skipper,3046435
Brandon Zylstra,4294520
Jordan Wilkins,3051891
J.J. Taylor,4039607
Ryan Bates,3929631
Nick Mullens,3059989
Andrew DePaola,15726
Danny Johnson,3141066
Dylan Parham,4243375
Montaric Brown,4242149
Joshua Onujiogu,4071085
 Team,-8827
Billy Price,3051407
Brycen Hopkins,3918003
Van Jefferson,3930066
Travin Howard,3116424
Ke'Shawn Vaughn,3917612
Taylor Stallworth,3126489
DeSean Jackson,11283
Binjimen Victor,4040628
Tyus Bowser,3040037
Ulysees Gilbert,3920867
Andrew Booth Jr.,4426344
Duke Shelley,3916126
Duke Johnson,2969962
Jarrad Davis,3054951
Jason Cabinda,3116158
Stanley Berryhill,4245639
Jalen Virgil,4036448
Quinn Bailey,3128773
Jonathan Harris,4422407
C.J. Board,2973626
Elijah Molden,4243328
Jermaine Carter,3053047
Roderick Perry II,4052609
Robert Hunt,3917592
Scott Quessenberry,3047572
Jordan Howard,3060022
Chukwuma Okorafor,3129473
Damontae Kazee,2976099
Eric Johnson II,4050971
Tashawn Bower,3042726
Kyle Peko,3134288
Qadree Ollison,3123944
Terence Steele,3915834
Tariq Carpenter,4240486
Corey Ballentine,4411769
Ramiz Ahmed,4266790
Colt McCoy,13199
Tristan Vizcaino,3127313
John Wolford,3124092
Bryce Perkins,3675812
Kyren Williams,4430737
Jared Pinkney,3915772
Bobby Brown III,4372518
Chase Daniel,12471
Jamaree Salyer,4379412
Breiden Fehoko,3674831
Jordan Willis,3052434
Tyler Larsen,17196
Rick Lovato,2565971
Josh Lambo,2998120
Davontae Harris,3047188
La'Darius Hamilton,4039075
Sam Mustipher,3129307
Xavier Rhodes,15810
Linval Joseph,13281
Ndamukong Suh,13234
Kameron Cline,4041572
Tanzel Smart,3041112
Michael Palardy,17475
Quentin Lake,4249128
David Johnson,2508176
Jabari Zuniga,3915123
Rodarius Williams,4038430
Joel Iyiegbuniwe,3124779
Ronnie Stanley,2980153
Camaron Cheeseman,4046543
Will Redmond,2971364
Isaiah Pola-Mao,4259632
Tyler Hall,4048718
Brandon Johnson,4035198
Quinn Meinerz,4608138
Harvey Langi,2570996
Jabril Cox,4040940
Trayveon Williams,4035222
La'el Collins,2577302
Cal Adomitis,4240719
Drue Chrisman,4040607
Nazeeh Johnson,4043625
Stone Smartt,4250764
Joe Gaziano,3915990
JT Woods,4362917
T.Y. McGill,2577757
Maxx Williams,2970726
James Houston,4240608
Nahshon Wright,4570470
Thomas Graham Jr.,4242485
Andre Smith,3895831
Caleb Shudak,4036146
Kyle Allen,3115293
Laremy Tunsil,3051890
Darrynton Evans,4036431
Mike White,3051381
Zonovan Knight,4427728
Chazz Surratt,4037521
Sam Darnold,3912547
T.J. Carrie,16808
Nick Boyle,2574591
Snoop Conner,4567246
Luke Fortner,4035048
Tevaughn Campbell,4410136
Corey Clement,3045260
Pharoh Cooper,3048897
Tre Brown,4241373
Damien Lewis,4362647
Lance McCutcheon,4247812
Matt Skura,2576733
Ronald Jones,3912550
Isaac Yiadom,3122797
Anthony McFarland Jr.,4241941
Cody White,4241983
Will Fries,4045176
Tre'Davious White,3042717
Joe Cardona,2575907
Micah Abernathy,3915373
Andrew Brown,3116761
A.J. Thomas,4240155
Taco Charlton,3045210
Nate Sudfeld,2979501
Jameson Williams,4426388
Alex Erickson,2977800
Zyon Gilbert,4243808
Vernon Butler,2971883
Julius Chestnut,4367567
Christian Elliss,4245273
Tyler Huntley,4035671
Deshaun Watson,3122840
Wyatt Teller,3045474
Mike Brown,4244310
Charley Hughlett,15379
Joel Bitonio,16740
Cobi Francis,4039366
Laquon Treadwell,3051889
Austin Trammell,4244856
Justin Zimmer,3057899
Connor McGovern,4033748
Earnest Brown IV,4242292
Keir Thomas,4038843
Daniel Hardy,4365629
John Brown,16804
James Washington,3122449
Josh Ball,4035626
Esezi Otomewo,4240759
Ezra Cleveland,4048231
Racey McMath,4242231
Greg Mabin,2979515
Dennis Daley,4259480
Nicholas Petit-Frere,4361368
Tarell Basham,3052977
Casey Kreiter,17304
Anthony Brown,4035312
Ben Cleveland,4035002
Ar'Darius Washington,4362492
Trey Smith,4242459
Brandon Williams,15875
Calvin Anderson,3123867
Deven Thompkins,4374187
Nolan Turner,4035468
Josh Johnson,11394
Carson Tinker,16359
Abraham Lucas,4245171
Godwin Igwebuike,3045238
Jamie Collins Sr.,15830
Janoris Jenkins,14974
Jon Rhattigan,4258485
Forrest Rhyne,4252230
Daylen Baldwin,4262900
Tae Davis,3131775
David Quessenberry,15946
Landon Dickerson,4035624
Brett Kern,11555
Nathan Peterman,2972236
Nsimba Webster,3119317
Alex Leatherwood,4241466
Desmond Ridder,4239086
Romeo Okwara,2980147
Duane Brown,11260
Royce Freeman,3122672
Max Garcia,2512538
Charles Washington,2579163
Manny Jones,4256041
Nate Hairston,2976259
Freddie Swain,4034950
Jordan Meredith,4076803
Ben Jones,15109
Jack Gibbens,4249739
John Reid,3929653
Tyeler Davison,2517230
Kemon Hall,4243831
Allan George,4242655
Jeff Gunter,4241089
Innis Gaines,4038534
Jeremiah Ledbetter,3892689
Chris Streveler,3040206
Hamsah Nasirildeen,4240030
Dion Dawkins,3051324
Michael Schofield III,16741
Reggie Ragland,2979855
Isaiah Mack,3131784
Morgan Cox,13848
Aaron Brewer,4040537
Chase Young,4241986
Cornelius Lucas,17202
T.Y. Hilton,14924
Mackensie Alexander,3045120
Christian Kuntz,2978524
TJ Carter,4360292
Nick Leverett,3920591
J.J. Russell,4243366
Raheem Layne,4258237
Christopher Hinton,4426583
Nick Foles,14877
Khalid Kareem,4039029
Joshua Dobbs,3044720
David Blough,3116188
Harrison Hand,4259170
Braxton Jones,4251007
DeMarquis Gates,3128747
Lamar Jackson,4034849
Blake Bell,2514206
Segun Olubi,4260703
Nikola Kalinic,4916349
Calvin Throckmorton,3915147
Ikem Ekwonu,4427132
David Bada,4686421
Jaret Patterson,4362452
Gregory Junior,4400960
 Team,-8821
Laurent Duvernay-Tardif,16958
Tyler Mabry,3916587
Cade Johnson,4031033
T.J. Smith,3916917
Larry Rountree III,4241205
Mark Robinson,4249342
Rayshad Nichols,4032721
James Winchester,16665
Alex Bars,3129290
Corey Levin,2973637
Blaine Gabbert,13987
Kyle Trask,4034946
Anthony Chesley,3910754
Frank Darby,4047836
Josh Ali,4259976
David Andrews,2578529
Reid Ferguson,2976549
William Kwenkeu,4044132
Ryan Connelly,3121538
Tim Boyle,3045169
Greg Stroman Jr.,3124086
Jalyn Holmes,3121414
Riley Reiff,14930
Charlie Kolar,4241263
David Ojabo,4426507
Kenyon Green,4426327
Darrell Baker Jr.,4036660
Cameron McGrone,4372085
Erik Ezukanma,4362186
Blake Ferguson,3843470
Michael Jordan,4040622
Josh Norman,15124
Kevin Dotson,3917599
David Moa,3127587
Tyler Badie,4362748
Ja'Quan McMillian,4567462
Elijah Garcia,4039170
Davis Webb,3052600
Josh Jobe,4372020
Ty'Son Williams,3895827
Josh Thomas,3917159
Eric Banks,4040703
Alexander Johnson,2577712
Tyler Coyle,4044079
Sam Howell,4426875
Reggie Bonnafon,3116642
Troy Apke,3116152